id,nombre,apellido,fechaNacimiento,nacionalidad
1,Lloyd,Pierce,1976-05-11,USA
2,Brad,Stevens,1976-10-22,USA
3,Kenny,Atkinson,1967-06-02,USA
4,Fred,Hoiberg,1972-10-15,USA
5,Jim,Boylen,1965-04-18,USA
6,James,Borrego,1977-11-12,Puerto Rico
7,Tyronn,Lue,1977-05-03,USA
8,Larry,Drew,1958-04-23,USA
9,Rick,Carlisle,1959-10-27,USA
10,Michael,Malone,1971-09-15,USA
11,Dwane,Casey,1957-04-17,USA
12,Steve,Kerr,1965-09-27,USA
13,Mike,D'Antoni,1951-05-08,USA
14,Nate,McMillan,1964-08-03,USA
15,Doc,Rivers,1961-10-13,USA
16,Luke,Walton,1980-03-28,USA
17,J.B.,Bickerstaff,1979-03-10,USA
18,Erik,Spoelstra,1970-11-01,USA
19,Mike,Budenholzer,1969-12-06,USA
20,Tom,Thibodeau,1958-01-17,USA
21,Ryan,Saunders,1986-06-28,USA
22,Alvin,Gentry,1954-11-05,USA
23,David,Fizdale,1974-06-16,USA
24,Billy,Donovan,1965-05-16,USA
25,Steve,Clifford,1961-09-17,USA
26,Brett,Brown,1961-02-16,Australia
27,Igor,Kokoskov,1971-03-17,Serbia
28,Terry,Stotts,1957-11-25,USA
29,Dave,Joerger,1974-02-19,USA
30,Gregg,Popovich,1949-01-28,USA
31,Nick,Nurse,1967-07-24,Canada
32,Quin,Snyder,1966-10-30,USA
33,Scott,Brooks,1965-07-31,USA
34,Jacque,Vaughn,1975-02-11,USA
35,John,Beilein,1953-02-05,USA
36,Frank,Vogel,1973-06-21,USA
37,Taylor,Jenkins,1984-07-23,USA
38,Mike,Miller,1964-11-30,USA
39,Monty,Williams,1971-10-08,USA
40,Steve,Nash,1974-02-07,Canada
41,Stephen,Silas,1973-05-11,USA
42,Nate,Bjorkgren,1975-07-20,USA
43,Chris,Finch,1970-11-06,USA
44,Stan,Van Gundy,1959-08-26,USA
45,Mark,Daigneault,1985-11-29,USA
46,Ime,Udoka,1977-08-09,USA
47,Jason,Kidd,1973-03-23,USA
48,Willie,Green,1981-07-28,USA
49,Jamahl,Mosley,1978-09-03,USA
50,Chauncey,Billups,1976-09-25,USA
51,Wes,Unseld,1986-03-02,USA
203518,Alex,Abrines,1993-08-01,Spain
1630173,Precious,Achiuwa,1999-09-19,Nigeria
203112,Quincy,Acy,1990-10-06,USA
1629121,Jaylen,Adams,1996-05-04,USA
203500,Steven,Adams,1993-07-20,New Zealand
1628389,Bam,Adebayo,1997-07-18,USA
1629061,Deng,Adel,1997-02-01,South Sudan
201582,Alexis,Ajinca,1988-05-06,France
1629152,DeVaughn,Akoon-Purcell,1993-06-05,Trinidad and Tobago
1630583,Santi,Aldama,2001-01-10,Spain
202332,Cole,Aldrich,1988-10-31,USA
200746,LaMarcus,Aldridge,1985-07-19,USA
1629734,Kyle,Alexander,1996-10-21,Canada
1630234,Ty-Shon,Alexander,1998-07-16,USA
1629638,Nickeil,Alexander-Walker,1998-09-02,Canada
1628959,Rawle,Alkins,1997-10-29,USA
1628960,Grayson,Allen,1995-10-08,USA
1628386,Jarrett,Allen,1998-04-21,USA
1628443,Kadeem,Allen,1993-01-15,USA
202730,Lavoy,Allen,1989-02-04,USA
1630631,Jose,Alvarado,1998-04-12,USA
1626147,Justin,Anderson,1993-11-19,USA
203937,Kyle,Anderson,1993-09-20,USA
201583,Ryan,Anderson,1988-05-06,USA
1628387,Ike,Anigbogu,1998-10-16,USA
203507,Giannis,Antetokounmpo,1994-12-06,Greece
1628961,Kostas,Antetokounmpo,1997-11-20,Greece
203648,Thanasis,Antetokounmpo,1992-07-18,Greece
2546,Carmelo,Anthony,1984-05-29,USA
1630175,Cole,Anthony,2000-05-15,USA
1628384,O.G.,Anunoby,1997-07-17,United Kingdom
1627853,Ryan,Arcidiacono,1994-03-26,USA
2772,Trevor,Ariza,1985-06-30,USA
201589,Darrell,Arthur,1988-03-25,USA
1628503,Jamel,Artis,1993-01-12,USA
201600,Omer,Asik,1986-07-04,Turkey
201571,D.J.,Augustin,1987-11-10,USA
1630555,Joel,Ayayi,2000-03-05,France
1629028,Deandre,Ayton,1998-07-23,Bahamas
1628962,Udoka,Azubuike,1999-09-17,Nigeria
1628407,Dwayne,Bacon,1995-08-30,USA
1628963,Marvin,Bagley III,1999-03-14,USA
1627758,Ron,Baker,1993-03-30,USA
1627735,Wade,Baldwin IV,1996-03-29,USA
1630163,LaMelo,Ball,2001-08-22,USA
1629071,LiAngelo,Ball,1998-11-24,USA
1628366,Lonzo,Ball,1997-10-27,USA
1630217,Desmond,Bane,1998-06-25,USA
1630625,Dalano,Banton,1999-11-07,Canada
1627760,Cat,Barber,1994-07-25,USA
200826,J.J.,Barea,1984-06-26,Puerto Rico
203084,Harrison,Barnes,1992-05-30,USA
1630567,Scottie,Barnes,2001-08-01,USA
1629628,RJ,Barrett,2000-06-14,Canada
203115,Will,Barton,1991-01-06,USA
1628238,Paris,Bass,1995-08-29,USA
1629646,Charles,Bassey,2000-10-28,Nigeria
201587,Nicolas,Batum,1988-12-14,France
203382,Aron,Baynes,1986-12-09,Australia
203145,Kent,Bazemore,1989-07-01,USA
1629647,Darius,Bazley,2000-06-12,USA
203078,Bradley,Beal,1993-06-28,USA
1627736,Malik,Beasley,1996-11-26,USA
1628395,Jordan,Bell,1995-01-07,USA
1627761,DeAndre',Bembry,1994-07-04,USA
1627733,Dragan,Bender,1997-11-17,Croatia
203461,Anthony,Bennett,1993-03-14,Canada
1629541,Dairis,Bertans,1989-09-09,Latvia
202722,Davis,Bertans,1992-11-12,Latvia
201976,Patrick,Beverley,1988-07-12,USA
1630180,Saddiq,Bey,1999-04-09,USA
1630189,Tyler,Bey,1998-02-10,USA
203920,Khem,Birch,1992-09-28,Canada
1628444,Jabari,Bird,1994-07-03,USA
1629048,Goga,Bitadze,1999-07-20,Georgia
202687,Bismack,Biyombo,1992-08-28,DRC
202357,Nemanja,Bjelica,1988-05-09,Serbia
204028,Tarik,Black,1991-11-22,USA
1628469,Antonio,Blakeney,1996-10-04,USA
202339,Eric,Bledsoe,1989-12-09,USA
1629833,Keljin,Blevins,1995-11-24,USA
1628417,Jaron,Blossomgame,1993-09-16,USA
1629129,Trevon,Bluiett,1994-11-04,USA
202711,Bojan,Bogdanovic,1989-04-18,Croatia
101106,Andrew,Bogut,1984-11-28,Australia
1629626,Bol,Bol,1999-11-16,Sudan
1628413,Jonah,Bolden,1996-01-02,Australia
1629716,Marques,Bolden,1998-04-17,USA
1630195,Leandro,Bolmaro,2000-09-11,Argentina
1629648,Jordan,Bone,1997-11-05,USA
1629067,Isaac,Bonga,1999-11-08,Germany
1626164,Devin,Booker,1996-10-30,USA
1630527,Brandon,Boston Jr.,2001-11-28,USA
1628449,Chris,Boucher,1993-01-11,Saint Lucia
1628968,Brian,Bowen II,1998-10-02,USA
1629065,Ky,Bowman,1997-06-16,USA
202340,Avery,Bradley,1990-11-26,USA
1628396,Tony,Bradley,1998-01-08,USA
1629714,Jarrell,Brantley,1996-06-07,USA
1629649,Ignas,Brazdeikis,1999-01-08,Canada
201147,Corey,Brewer,1986-03-05,USA
1628969,Mikal,Bridges,1996-08-30,USA
1628970,Miles,Bridges,1998-03-21,USA
1628578,Amida,Brimah,1994-02-11,USA
1628515,Isaiah,Briscoe,1996-04-13,USA
1629052,Oshae,Brissett,1998-06-20,Canada
1629151,Ryan,Broekhoff,1990-08-23,Australia
1629717,Armoni,Brooks,1998-06-05,USA
1628415,Dillon,Brooks,1996-01-22,Canada
202705,MarShon,Brooks,1989-01-26,USA
1626148,Anthony,Brown,1992-10-10,USA
1628971,Bruce,Brown,1996-08-15,USA
1627759,Jaylen,Brown,1996-10-24,USA
203485,Lorenzo,Brown,1990-08-26,USA
1629650,Moses,Brown,1999-10-13,USA
1628425,Sterling,Brown,1995-02-10,USA
1630535,Greg,Brown III,2001-09-01,USA
1629718,Charlie,Brown Jr.,1997-02-02,USA
1628972,Troy,Brown Jr.,1999-07-28,USA
1628973,Jalen,Brunson,1996-08-31,USA
1629091,Elijah,Bryant,1995-04-19,USA
1628418,Thomas,Bryant,1997-07-31,USA
1629783,Shaq,Buchanan,1997-01-30,USA
203493,Reggie,Bullock,1991-03-16,USA
203504,Trey,Burke,1992-11-12,USA
202692,Alec,Burks,1991-07-20,USA
1629126,Deonte,Burton,1994-01-31,USA
1630215,Jared,Butler,2000-08-25,USA
202710,Jimmy,Butler,1989-09-14,USA
203998,Bruno,Caboclo,1995-09-21,Brazil
1629719,Devontae,Cacok,1996-10-08,USA
101181,Jose,Calderon,1981-09-28,Spain
203484,Kentavious,Caldwell-Pope,1993-02-18,USA
1630267,Facundo,Campazzo,1991-03-23,Argentina
203477,Isaiah,Canaan,1991-05-21,USA
1628427,Vlatko,Cancar,1997-04-10,Slovenia
1629962,Devin,Cannady,1996-05-21,USA
203991,Clint,Capela,1994-05-18,Switzerland
1630176,Vernon,Carey Jr.,2001-02-25,USA
201960,DeMarre,Carroll,1986-07-27,USA
1628975,Jevon,Carter,1995-09-14,USA
1628976,Wendell,Carter Jr.,1999-04-16,USA
203487,Michael,Carter-Williams,1991-10-10,USA
1627936,Alex,Caruso,1994-02-28,USA
201956,Omri,Casspi,1988-06-22,Israel
1626161,Willie,Cauley-Stein,1993-08-18,USA
1628505,Troy,Caupain,1995-11-29,USA
1628463,Tyler,Cavanaugh,1994-02-09,USA
1629958,Ahmad,Caver,1996-09-12,USA
201596,Mario,Chalmers,1986-05-19,USA
1630551,Justin,Champagnie,2001-06-29,USA
2199,Tyson,Chandler,1982-10-02,USA
201163,Wilson,Chandler,1987-05-10,USA
1629147,Joe,Chealey,1995-11-01,USA
1629597,Zylan,Cheatham,1995-11-17,USA
203805,Will,Cherry,1991-02-08,USA
1629185,Chris,Chiozza,1995-11-21,USA
1627737,Marquese,Chriss,1997-07-02,USA
1630528,Josh,Christopher,2001-12-08,USA
203546,Ian,Clark,1991-03-07,USA
1629634,Brandon,Clarke,1996-09-19,Canada
203903,Jordan,Clarkson,1992-06-07,USA
1629651,Nic,Claxton,1999-04-17,USA
1629598,Chris,Clemons,1997-07-23,USA
1628381,John,Collins,1997-09-23,USA
1628380,Zach,Collins,1997-11-19,USA
1627858,Kyle,Collinsworth,1991-10-03,USA
201954,Darren,Collison,1987-08-23,USA
1629045,Bonzie,Colson,1996-01-12,USA
201144,Mike,Conley,1987-10-11,USA
1626192,Pat,Connaughton,1993-01-06,USA
1626188,Quinn,Cook,1993-03-23,USA
1628429,Charles,Cooke,1994-07-01,USA
1630536,Sharife,Cooper,2001-06-11,USA
202326,DeMarcus,Cousins,1990-08-13,USA
203496,Robert,Covington,1990-12-14,USA
203459,Allen,Crabbe,1992-04-09,USA
1628470,Torrey,Craig,1990-12-19,USA
2037,Jamal,Crawford,1980-03-20,USA
1628249,Mitchell,Creek,1992-04-27,Australia
203109,Jae,Crowder,1990-07-06,USA
1630622,Jalen,Crutcher,1999-07-18,USA
1629633,Jarrett,Culver,1999-02-20,USA
1629600,Jarron,Cumberland,1997-09-22,USA
1630595,Cade,Cunningham,2001-09-25,USA
201967,Dante,Cunningham,1987-04-22,USA
203099,Jared,Cunningham,1991-05-22,USA
203552,Seth,Curry,1990-08-23,USA
201939,Stephen,Curry,1988-03-14,USA
203584,Troy,Daniels,1991-07-15,USA
1630268,Nate,Darling,1998-08-30,Canada
203076,Anthony,Davis,1993-03-11,USA
1629056,Terence,Davis,1997-05-16,USA
1629093,Tyler,Davis,1997-05-22,USA
1629602,Javin,DeLaurier,1998-04-07,USA
201942,DeMar,DeRozan,1989-08-07,USA
1630466,Gabriel,Deck,1995-02-08,Argentina
203473,Dewayne,Dedmon,1989-08-12,USA
1626155,Sam,Dekker,1994-05-06,USA
1629116,Angel,Delgado,1994-11-20,Dominican Republic
203521,Matthew,Dellavedova,1990-09-08,Australia
2736,Luol,Deng,1985-04-16,United Kingdom
1629094,Marcus,Derrickson,1996-02-01,USA
1628978,Donte,DiVincenzo,1997-01-31,USA
1629603,Mamadi,Diakite,1997-01-21,Guinea
1627767,Cheick,Diallo,1996-09-13,Mali
1628977,Hamidou,Diallo,1998-07-31,USA
203476,Gorgui,Dieng,1990-01-18,Senegal
203915,Spencer,Dinwiddie,1993-04-06,USA
1629029,Luka,Doncic,1999-02-28,Slovenia
1628416,Tyler,Dorsey,1996-02-18,USA
1629652,Luguentz,Dort,1999-04-19,Canada
1630245,Ayo,Dosunmu,2000-01-17,USA
1628422,Damyean,Dotson,1994-05-06,USA
1629653,Devon,Dotson,1999-08-02,USA
1629635,Sekou,Doumbouya,2000-12-23,France
1630288,Jeff,Dowtin Jr.,1997-05-10,USA
1628495,Milton,Doyle,1993-10-31,USA
1628408,PJ,Dozier,1996-10-25,USA
201609,Goran,Dragic,1986-05-06,Slovenia
203083,Andre,Drummond,1993-08-10,USA
1630537,Chris,Duarte,1997-06-13,Dominican Republic
201162,Jared,Dudley,1985-07-10,USA
1630561,David,Duke Jr.,1999-10-13,USA
1627739,Kris,Dunn,1994-03-18,USA
201142,Kevin,Durant,1988-09-29,USA
1628979,Trevon,Duval,1998-08-03,USA
1630693,Jaime,Echenique,1997-04-27,Colombia
1630162,Anthony,Edwards,2001-08-05,USA
1629035,Carsen,Edwards,1998-03-12,USA
1630306,Rob,Edwards,1997-01-20,USA
1629053,Vincent,Edwards,1996-04-05,USA
1629604,CJ,Elleby,2000-06-16,USA
1627740,Henry,Ellenson,1997-01-13,USA
201961,Wayne,Ellington,1987-11-29,USA
203954,Joel,Embiid,1994-03-16,Cameroon
203516,James,Ennis III,1990-07-01,USA
1629234,Drew,Eubanks,1997-02-01,USA
1628980,Jacob,Evans,1997-06-18,USA
201936,Tyreke,Evans,1989-09-19,USA
203957,Dante,Exum,1995-07-13,Australia
1629605,Tacko,Fall,1995-12-10,Senegal
202324,Derrick,Favors,1991-07-15,USA
1627770,Kay,Felder,1995-03-29,USA
1626245,Cristiano,Felicio,1992-07-07,Brazil
101109,Raymond,Felton,1984-06-26,USA
1628390,Terrance,Ferguson,1998-05-17,USA
1628981,Bruno,Fernando,1998-08-15,Angola
1627812,Yogi,Ferrell,1993-05-09,USA
1630238,Malik,Fitts,1997-07-04,USA
1627854,Bryn,Forbes,1993-07-23,USA
1630758,Aleem,Ford,1997-12-22,USA
1630235,Trent,Forrest,1998-06-12,USA
203095,Evan,Fournier,1992-10-29,France
1628368,De'Aaron,Fox,1997-12-20,USA
204025,Tim,Frazier,1990-11-01,USA
1628982,Melvin,Frazier Jr.,1996-08-30,USA
202690,Jimmer,Fredette,1989-02-25,USA
202683,Enes,Freedom,1992-05-20,Turkey
101112,Channing,Frye,1983-05-17,USA
1628365,Markelle,Fultz,1998-05-29,USA
1629117,Wenyen,Gabriel,1997-03-26,South Sudan
1629655,Daniel,Gafford,1998-10-01,USA
201568,Danilo,Gallinari,1988-08-08,Italy
204038,Langston,Galloway,1991-12-09,USA
1629636,Darius,Garland,2000-01-26,USA
1628656,Billy,Garrett,1994-10-16,USA
1630585,Marcus,Garrett,1998-11-09,USA
1630586,Usman,Garuba,2002-03-09,Spain
2200,Pau,Gasol,1980-07-06,Spain
200752,Rudy,Gay,1986-08-17,USA
1627875,Marcus,Georges-Hunt,1994-03-28,USA
1626780,Jonathan,Gibson,1987-11-08,USA
201959,Taj,Gibson,1985-06-24,USA
1630581,Josh,Giddey,2002-10-10,Australia
1628385,Harry,Giles III,1998-04-22,USA
1628983,Shai,Gilgeous-Alexander,1998-07-12,Canada
1630264,Anthony,Gill,1992-10-17,USA
1630273,Freddie,Gillespie,1997-06-14,USA
203497,Rudy,Gobert,1992-06-26,France
1629164,Brandon,Goodwin,1995-10-02,USA
1630692,Jordan,Goodwin,1998-10-23,USA
203932,Aaron,Gordon,1995-09-16,USA
201569,Eric,Gordon,1988-12-25,USA
101162,Marcin,Gortat,1984-02-17,Poland
1628984,Devonte',Graham,1995-02-22,USA
1626203,Treveon,Graham,1993-10-28,USA
1629055,Donte,Grantham,1995-03-19,USA
1629755,Hassani,Gravett,1996-07-16,USA
1627982,Josh,Gray,1993-09-09,USA
201980,Danny,Green,1987-06-22,USA
203110,Draymond,Green,1990-03-04,USA
101123,Gerald,Green,1986-01-26,USA
203210,JaMychal,Green,1990-06-21,USA
1630224,Jalen,Green,2002-02-09,USA
1629750,Javonte,Green,1993-07-23,USA
201145,Jeff,Green,1986-08-28,USA
1630182,Josh,Green,2000-11-16,Australia
201933,Blake,Griffin,1989-03-16,USA
1629656,Quentin,Grimes,2000-05-08,USA
1629060,Rui,Hachimura,1998-02-08,Japan
1630204,Ashton,Hagans,1999-07-08,USA
1630169,Tyrese,Haliburton,2000-02-29,USA
1629743,Donta,Hall,1997-08-07,USA
1630221,Josh,Hall,2000-10-08,USA
1629788,Tyler,Hall,1997-03-25,USA
1627772,Daniel,Hamilton,1995-08-08,USA
1630181,R.J.,Hampton,2001-02-07,USA
1628605,Dusty,Hannahs,1993-09-02,USA
203501,Tim,Hardaway Jr.,1992-03-16,USA
201935,James,Harden,1989-08-26,USA
1629607,Jared,Harper,1997-09-14,USA
1626149,Montrezl,Harrell,1994-01-26,USA
2734,Devin,Harris,1983-02-27,USA
203914,Gary,Harris,1994-09-14,USA
1630223,Jalen,Harris,1998-08-14,USA
203925,Joe,Harris,1991-09-06,USA
202699,Tobias,Harris,1992-07-15,USA
1626150,Andrew,Harrison,1994-10-28,USA
1627885,Shaquille,Harrison,1993-10-06,USA
1628392,Isaiah,Hartenstein,1998-05-05,Germany
2617,Udonis,Haslem,1980-06-09,USA
1630573,Sam,Hauser,1997-12-08,USA
1629637,Jaxson,Hayes,2000-05-23,USA
1630165,Killian,Hayes,2001-07-27,France
202330,Gordon,Hayward,1990-03-23,USA
203687,Reggie,Hearn,1991-08-14,USA
1630565,Aaron,Henry,1999-08-30,USA
1627988,Myke,Henry,1992-12-23,USA
203089,John,Henson,1990-12-28,USA
1629608,Dewan,Hernandez,1996-12-09,USA
1626195,Willy,Hernangomez,1994-05-27,Spain
1628987,Kevin,Hervey,1996-07-09,USA
1626209,Mario,Hezonja,1995-02-25,Croatia
1628439,Isaiah,Hicks,1994-07-24,USA
1627741,Buddy,Hield,1992-12-17,Bahamas
1629312,Haywood,Highsmith,1996-12-09,USA
201588,George,Hill,1986-05-04,USA
1630792,Malcolm,Hill,1995-10-26,USA
203524,Solomon,Hill,1991-03-18,USA
1629658,Jaylen,Hoard,1999-03-30,France
1628988,Aaron,Holiday,1996-09-30,USA
201950,Jrue,Holiday,1990-06-12,USA
203200,Justin,Holiday,1989-04-05,USA
1626158,Richaun,Holmes,1993-10-15,USA
1630258,Caleb,Homesley,1996-11-27,USA
203918,Rodney,Hood,1992-10-20,USA
203816,Scotty,Hopson,1989-08-08,USA
201143,Al,Horford,1986-06-03,Dominican Republic
1629659,Talen,Horton-Tucker,2000-11-25,USA
1627863,Danuel,House Jr.,1993-06-07,USA
2730,Dwight,Howard,1985-12-08,USA
1630210,Markus,Howard,1999-03-03,USA
1629739,William,Howard,1993-10-25,France
203962,Josh,Huestis,1991-12-19,USA
1630643,Jay,Huff,1997-08-25,USA
1629353,Isaac,Humphries,1998-01-05,Australia
1630624,Feron,Hunt,1999-07-05,USA
1629631,De'Andre,Hunter,1997-12-02,USA
1626154,RJ,Hunter,1993-10-24,USA
1628990,Chandler,Hutchison,1996-04-26,USA
1630538,Bones,Hyland,2000-09-14,USA
101141,Ersan,Ilyasova,1987-05-15,Turkey
204060,Joe,Ingles,1987-10-02,Australia
201281,Andre,Ingram,1985-11-19,USA
1627742,Brandon,Ingram,1997-09-02,USA
202681,Kyrie,Irving,1992-03-23,Australia
1628371,Jonathan,Isaac,1997-10-03,USA
1628411,Wes,Iwundu,1994-12-20,USA
101127,Jarrett,Jack,1983-10-28,USA
1627743,Demetrius,Jackson,1994-09-07,USA
1628402,Frank,Jackson,1998-05-04,USA
1630543,Isaiah,Jackson,2002-01-10,USA
1628367,Josh,Jackson,1997-02-10,USA
202704,Reggie,Jackson,1990-04-16,USA
1628991,Jaren,Jackson Jr.,1999-09-15,USA
1629713,Justin,James,1997-01-24,USA
2544,LeBron,James,1984-12-30,USA
2229,Mike,James,1975-06-23,USA
1628455,Mike,James,1990-08-18,USA
1630610,DeJon,Jarreau,1998-01-23,USA
1629610,DaQuan,Jeffries,1997-08-30,USA
203098,John,Jenkins,1991-03-06,USA
1629660,Ty,Jerome,1997-07-08,USA
101161,Amir,Johnson,1987-05-01,USA
1629661,Cameron,Johnson,1996-03-03,USA
77139,David,Johnson,1921-12-06,USA
1630552,Jalen,Johnson,2001-12-18,USA
201949,James,Johnson,1987-02-20,USA
2207,Joe,Johnson,1981-06-29,USA
1630553,Keon,Johnson,2002-03-10,USA
203910,Nick,Johnson,1992-12-22,USA
204179,Omari,Johnson,1989-05-26,Jamaica
204020,Tyler,Johnson,1992-05-07,USA
202325,Wesley,Johnson,1987-07-11,USA
203130,Darius,Johnson-Odom,1989-09-28,USA
203999,Nikola,Jokic,1995-02-19,Serbia
1630637,Carlik,Jones,1997-12-23,USA
1627745,Damian,Jones,1995-06-30,USA
1630529,Herbert,Jones,1998-10-06,USA
1627883,Jalen,Jones,1993-05-27,USA
1629203,Jemerrio,Jones,1995-04-09,USA
1630539,Kai,Jones,2001-01-19,Bahamas
1630222,Mason,Jones,1998-07-21,USA
203093,Terrence,Jones,1992-01-09,USA
1630200,Tre,Jones,2000-01-08,USA
1626145,Tyus,Jones,1996-05-10,USA
1627884,Derrick,Jones Jr.,1997-02-15,USA
201599,DeAndre,Jordan,1988-07-21,USA
202709,Cory,Joseph,1991-08-20,Canada
1630686,Georgios,Kalaitzakis,1999-01-02,Greece
1626163,Frank,Kaminsky,1993-04-04,USA
1628379,Luke,Kennard,1996-06-24,USA
1630296,Braxton,Key,1997-02-14,USA
1629742,Stanton,Kidd,1992-03-18,USA
203077,Michael,Kidd-Gilchrist,1993-09-26,USA
77268,George,King,1928-08-16,USA
1628994,George,King,1994-01-15,USA
1629663,Louis,King,1999-04-06,USA
1630557,Corey,Kispert,1999-03-03,USA
1628467,Maxi,Kleber,1992-01-29,Germany
202688,Brandon,Knight,1991-12-02,USA
1628995,Kevin,Knox II,1999-08-11,USA
1629723,John,Konchar,1996-03-22,USA
1627788,Furkan,Korkmaz,1997-07-24,Turkey
1630249,Vit,Krejci,2000-06-19,Czech Republic
1629083,Arnoldas,Kulboka,1998-01-04,Lithuania
1629066,Rodions,Kurucs,1998-02-05,Latvia
1628398,Kyle,Kuzma,1995-07-24,USA
203897,Zach,LaVine,1995-03-10,USA
1627746,Skal,Labissiere,1996-03-18,Haiti
1630237,Anthony,Lamb,1998-01-20,USA
203087,Jeremy,Lamb,1992-05-30,USA
1629111,Jock,Landale,1995-10-25,Australia
1629641,Romeo,Langford,1999-10-25,USA
1629724,Vic,Law,1995-12-19,USA
1630639,A.J.,Lawson,2000-07-15,Canada
1627774,Jake,Layman,1994-03-07,USA
1627747,Caris,LeVert,1994-08-25,USA
1628388,T.J.,Leaf,1997-04-30,USA
1629665,Jalen,Lecque,2000-06-13,USA
201584,Courtney,Lee,1985-10-03,USA
1627814,Damion,Lee,1992-10-21,USA
1630240,Saben,Lee,1999-06-23,USA
1627215,Walt,Lemon Jr.,1992-07-26,USA
203458,Alex,Len,1993-06-16,Ukraine
202695,Kawhi,Leonard,1991-06-29,USA
203086,Meyers,Leonard,1992-02-27,USA
202720,Jon,Leuer,1989-05-14,USA
1630575,Scottie,Lewis,2000-03-12,USA
202732,DeAndre,Liggins,1988-03-31,USA
203081,Damian,Lillard,1990-07-15,USA
202391,Jeremy,Lin,1988-08-23,USA
1629642,Nassir,Little,2000-02-11,USA
1630587,Isaiah,Livers,1998-07-28,USA
2733,Shaun,Livingston,1985-09-11,USA
1629155,Zach,Lofton,1992-11-18,USA
1626172,Kevon,Looney,1996-02-06,USA
201577,Robin,Lopez,1988-04-01,USA
1629712,Didi,Louzada,1999-07-02,Brazil
201567,Kevin,Love,1988-09-07,USA
200768,Kyle,Lowry,1986-03-25,USA
1628070,Jordan,Loyd,1993-07-27,USA
203564,Kalin,Lucas,1989-05-24,USA
1627789,Timothe,Luwawu-Cabarrot,1995-05-09,France
1628399,Tyler,Lydon,1996-04-09,USA
1627815,Sheldon,Mac,1992-12-21,USA
203159,Scott,Machado,1990-06-08,USA
202714,Shelvin,Mack,1990-04-22,USA
1629133,Daryl,Macon,1995-11-29,USA
1629122,J.P.,Macura,1995-06-05,USA
1630266,Will,Magnay,1998-06-10,Australia
101133,Ian,Mahinmi,1986-11-05,France
1627748,Thon,Maker,1997-02-25,South Sudan
1630177,Theo,Maledon,2001-06-12,France
1630572,Sandro,Mamukelashvili,1999-05-23,Georgia
1630211,Karim,Mane,2000-05-16,Senegal
1629611,Terance,Mann,1996-10-18,USA
1630544,Tre,Mann,2001-02-03,USA
1630185,Nico,Mannion,2001-03-14,Italy
203906,Devyn,Marble,1992-09-21,USA
1626246,Boban,Marjanovic,1988-08-15,Serbia
1628374,Lauri,Markkanen,1997-05-22,Finland
1630230,Naji,Marshall,1998-01-24,USA
1628997,Caleb,Martin,1995-09-28,USA
1628998,Cody,Martin,1995-09-28,USA
1626185,Jarell,Martin,1994-05-24,USA
1629725,Jeremiah,Martin,1996-06-19,USA
1629103,Kelan,Martin,1995-08-03,USA
1630231,Kenyon,Martin Jr.,2001-01-06,USA
1628999,Yante,Maten,1996-08-14,USA
1629726,Garrison,Mathews,1996-10-24,USA
1629751,Dakota,Mathias,1995-07-11,USA
202083,Wesley,Matthews,1986-10-14,USA
1630219,Skylar,Mays,1997-09-05,USA
201601,Luc,Mbah a Moute,1986-09-09,Cameroon
1630540,Miles,McBride,2000-09-08,USA
1627775,Patrick,McCaw,1995-10-25,USA
204456,T.J.,McConnell,1992-03-25,USA
1626191,Chris,McCullough,1995-02-05,USA
1629667,Jalen,McDaniels,1998-01-31,USA
203909,KJ,McDaniels,1993-02-09,USA
203926,Doug,McDermott,1992-01-03,USA
1630253,Sean,McDermott,1996-11-03,USA
1630787,Cameron,McGriff,1997-09-30,USA
203585,Rodney,McGruder,1991-07-29,USA
1628035,Alfonzo,McKinnie,1992-09-17,USA
1629162,Jordan,McLaughlin,1996-04-09,USA
203463,Ben,McLemore,1993-02-11,USA
203895,Jordan,McRae,1991-03-28,USA
201975,Jodie,Meeks,1987-08-21,USA
1629740,Nicolo,Melli,1991-01-26,Italy
1629001,De'Anthony,Melton,1998-05-28,USA
1630241,Sam,Merrill,1996-05-15,USA
1629002,Chimezie,Metu,1997-03-22,USA
203114,Khris,Middleton,1991-08-12,USA
101139,CJ,Miles,1987-03-18,USA
203121,Darius,Miller,1990-03-21,USA
1630627,Isaiah,Miller,1997-11-09,USA
1626259,Malcolm,Miller,1993-03-06,USA
200794,Paul,Millsap,1985-02-10,USA
1629003,Shake,Milton,1996-09-26,USA
202703,Nikola,Mirotic,1991-02-11,Montenegro
1630558,Davion,Mitchell,1998-09-05,USA
1628378,Donovan,Mitchell,1996-09-07,USA
1628513,Naz,Mitrou-Long,1993-08-03,Canada
1630596,Evan,Mobley,2001-06-18,USA
1629690,Adam,Mokoka,1998-07-18,France
1628370,Malik,Monk,1998-02-04,USA
202328,Greg,Monroe,1990-06-04,USA
1630541,Moses,Moody,2002-05-31,USA
1629875,Xavier,Moon,1995-01-02,USA
1629760,Matt,Mooney,1995-02-07,USA
1628500,Ben,Moore,1995-05-13,USA
202734,E'Twaun,Moore,1989-02-25,USA
1629630,Ja,Morant,1999-08-10,USA
203961,Eric,Moreland,1991-12-24,USA
1629752,Juwan,Morgan,1997-04-17,USA
202721,Darius,Morris,1991-01-03,USA
1628537,Jaylen,Morris,1995-09-19,USA
202693,Markieff,Morris,1989-09-02,USA
1628420,Monte,Morris,1995-06-27,USA
202700,Donatas,Motiejunas,1990-09-20,Lithuania
1628405,Johnathan,Motley,1995-05-04,USA
202389,Timofey,Mozgov,1986-07-16,Russia
1626144,Emmanuel,Mudiay,1996-03-05,DRC
1630278,Ade,Murkey,1998-01-29,USA
1630530,Trey,Murphy III,2000-06-18,USA
1627749,Dejounte,Murray,1996-09-19,USA
1627750,Jamal,Murray,1997-02-23,Canada
1629058,Dzanan,Musa,1999-05-08,Bosnia and Herzegovina
203488,Mike,Muscala,1991-07-01,USA
1629004,Svi,Mykhailiuk,1997-06-10,Ukraine
1627846,Abdel,Nader,1993-09-25,Egypt
1626204,Larry,Nance Jr.,1993-01-01,USA
1630612,RJ,Nembhard Jr.,1999-03-22,USA
1630174,Aaron,Nesmith,1999-10-16,USA
203526,Raul,Neto,1992-05-19,Brazil
1629005,Malik,Newman,1997-02-21,USA
1627777,Georges,Niang,1993-06-17,USA
1630227,Daishen,Nix,2002-02-13,USA
1630192,Zeke,Nnaji,2001-01-09,USA
201149,Joakim,Noah,1985-02-25,USA
203457,Nerlens,Noel,1994-04-10,USA
1629669,Jaylen,Nowell,1999-07-09,USA
1717,Dirk,Nowitzki,1978-06-19,Germany
1628373,Frank,Ntilikina,1998-07-28,France
1629134,Kendrick,Nunn,1995-08-03,USA
203263,James,Nunnally,1990-07-14,USA
203994,Jusuf,Nurkic,1994-08-23,Bosnia and Herzegovina
1629670,Jordan,Nwora,1998-09-09,USA
1626220,Royce,O'Neale,1993-06-05,USA
203124,Kyle,O'Quinn,1990-03-26,USA
1628400,Semi,Ojeleye,1994-12-05,USA
2731,Emeka,Okafor,1982-09-28,USA
1626143,Jahlil,Okafor,1995-12-15,USA
1629059,Elie,Okobo,1997-10-23,France
1629006,Josh,Okogie,1998-09-01,Nigeria
1630168,Onyeka,Okongwu,2000-12-11,USA
1630171,Isaac,Okoro,2001-01-26,USA
1629644,KZ,Okpala,1999-04-28,USA
203506,Victor,Oladipo,1992-05-04,USA
1628419,Cameron,Oliver,1996-07-11,USA
203482,Kelly,Olynyk,1991-04-19,Canada
1630647,Eugene,Omoruyi,1997-02-14,Nigeria
1629671,Miye,Oni,1997-08-04,USA
1627778,Chinanu,Onuaku,1996-11-01,USA
1626224,Cedi,Osman,1995-04-08,Turkey
1630187,Daniel,Oturu,1999-09-20,USA
1626162,Kelly,Oubre Jr.,1995-12-09,USA
2585,Zaza,Pachulia,1984-02-10,Georgia
1629873,Jaysean,Paige,1994-07-30,USA
1629309,Trayvon,Palmer,1994-11-13,USA
1630698,Kevin,Pangos,1993-01-26,Canada
203953,Jabari,Parker,1995-03-15,USA
2225,Tony,Parker,1982-05-17,France
202718,Chandler,Parsons,1988-10-25,USA
1629672,Eric,Paschall,1996-11-04,USA
1628394,Anzejs,Pasecniks,1995-12-20,Latvia
202335,Patrick,Patterson,1989-03-14,USA
1628383,Justin,Patton,1997-06-14,USA
101108,Chris,Paul,1985-05-06,USA
1626166,Cameron,Payne,1994-08-08,USA
203901,Elfrid,Payton,1994-02-22,USA
1627780,Gary,Payton II,1992-12-01,USA
203658,Norvel,Pelle,1993-02-03,Antigua and Barbuda
1628506,London,Perrantes,1994-10-03,USA
1629617,Reggie,Perry,2000-03-21,USA
1630691,Jamorko,Pickett,1997-12-24,USA
1629033,Theo,Pinson,1995-11-05,USA
203486,Mason,Plumlee,1990-03-05,USA
203101,Miles,Plumlee,1988-09-01,USA
1627751,Jakob,Poeltl,1995-10-15,Austria
1629738,Vincent,Poirier,1993-10-17,France
1630197,Aleksej,Pokusevski,2001-12-26,Serbia
1629044,Shamorie,Ponds,1998-06-29,USA
1630582,Yves,Pons,1999-05-07,France
1629673,Jordan,Poole,1999-06-19,USA
1629007,Jontay,Porter,1999-11-15,USA
1629645,Kevin,Porter Jr.,2000-05-04,USA
203490,Otto,Porter Jr.,1993-06-03,USA
1626171,Bobby,Portis,1995-02-10,USA
204001,Kristaps,Porzingis,1995-08-02,Latvia
1630695,Micah,Potter,1998-04-06,USA
1629619,Myles,Powell,1997-07-07,USA
1626181,Norman,Powell,1993-05-25,USA
1627816,Alex,Poythress,1993-09-06,USA
1630554,Jason,Preston,1999-08-10,USA
1630563,Joshua,Primo,2002-12-24,Canada
1630202,Payton,Pritchard,1998-01-28,USA
1630243,Trevelin,Queen,1997-02-25,USA
1629674,Neemias,Queta,1999-07-13,Portugal
1630193,Immanuel,Quickley,1999-06-17,USA
1630186,Jahmi'us,Ramsey,2001-06-09,USA
2216,Zach,Randolph,1981-07-16,USA
1630559,Austin,Reaves,1998-05-29,USA
1629629,Cam,Reddish,1999-09-01,USA
1628432,Davon,Reed,1995-06-11,USA
1629675,Naz,Reid,1999-08-26,USA
1630208,Nick,Richards,1997-11-29,Jamaica
1626196,Josh,Richardson,1993-09-15,USA
1627781,Malachi,Richardson,1996-01-05,USA
1630203,Grant,Riller,1997-02-08,USA
203085,Austin,Rivers,1992-08-01,USA
203460,Andre,Roberson,1991-12-04,USA
1628421,Devin,Robinson,1995-03-07,USA
1629130,Duncan,Robinson,1994-04-22,USA
1629620,Justin,Robinson,1997-10-12,USA
1629011,Mitchell,Robinson,1998-04-01,USA
203080,Thomas,Robinson,1991-03-17,USA
203922,Glenn,Robinson III,1994-01-08,USA
1630526,Jeremiah,Robinson-Earl,2000-11-03,USA
1629676,Isaiah,Roby,1998-02-03,USA
200765,Rajon,Rondo,1986-02-22,USA
203082,Terrence,Ross,1991-02-05,USA
1626179,Terry,Rozier,1994-03-17,USA
1626156,D'Angelo,Russell,1996-02-23,USA
1627734,Domantas,Sabonis,1996-05-03,Lithuania
1629677,Luka,Samanic,2000-01-09,Croatia
1629102,Brandon,Sampson,1997-05-01,USA
203960,JaKarr,Sampson,1993-03-20,USA
203967,Dario,Saric,1994-04-08,Croatia
1630846,Olivier,Sarr,1999-02-20,France
203107,Tomas,Satoransky,1991-10-30,Czech Republic
1630648,Jordan,Schakel,1998-06-13,USA
1629678,Admiral,Schofield,1997-03-30,United Kingdom
203471,Dennis,Schroder,1993-09-15,Germany
203118,Mike,Scott,1988-07-16,USA
1627782,Wayne,Selden,1994-09-30,USA
1630578,Alperen,Sengun,2002-07-25,Turkey
1629013,Landry,Shamet,1997-03-13,USA
1629621,Marial,Shayok,1995-07-26,Canada
202697,Iman,Shumpert,1990-06-26,USA
1627783,Pascal,Siakam,1994-04-02,Cameroon
1626296,Jordan,Sibert,1992-08-01,USA
202918,Xavier,Silas,1988-01-22,USA
1627732,Ben,Simmons,1996-07-20,Australia
203613,Jonathon,Simmons,1989-09-14,USA
1630250,Marko,Simonovic,1999-10-15,Montenegro
1629014,Anfernee,Simons,1999-06-08,USA
1630579,Jericho,Sims,1998-10-20,USA
1629686,Deividas,Sirvydis,2000-06-10,Lithuania
202388,Donald,Sloan,1988-01-15,USA
1629346,Alen,Smailagic,2000-08-18,Serbia
1630606,Javonte,Smart,1999-06-03,USA
203935,Marcus,Smart,1994-03-06,USA
1814,Chris,Smith,1970-05-17,USA
203147,Chris,Smith,1987-10-13,USA
2747,JR,Smith,1985-09-09,USA
1630188,Jalen,Smith,2000-03-16,USA
201160,Jason,Smith,1986-03-02,USA
1629015,Zhaire,Smith,1999-06-04,USA
1628372,Dennis,Smith Jr.,1997-11-25,USA
1630270,Xavier,Sneed,1997-12-21,USA
203503,Tony,Snell,1991-11-10,USA
1629034,Ray,Spalding,1997-03-11,USA
1629016,Omari,Spellman,1997-07-21,USA
1630531,Jaden,Springer,2002-09-25,USA
1630199,Cassius,Stanley,1999-08-18,USA
203474,DJ,Stephens,1990-12-19,USA
1630205,Lamar,Stevens,1997-07-09,USA
1630597,DJ,Stewart,1999-07-28,USA
1630191,Isaiah,Stewart,2001-05-22,USA
204065,David,Stockton,1991-06-24,USA
203950,Jarnell,Stokes,1994-01-07,USA
1629622,Max,Strus,1996-03-28,USA
1630591,Jalen,Suggs,2001-06-03,USA
1628410,Edmond,Sumner,1995-12-31,USA
1628403,Caleb,Swanigan,1997-04-18,USA
1628591,Craig,Sword,1994-01-16,USA
1626208,Keifer,Sykes,1993-12-30,USA
1630256,Jae'Sean,Tate,1995-10-28,USA
1628369,Jayson,Tatum,1998-03-03,USA
1630678,Terry,Taylor,1999-09-23,USA
201952,Jeff,Teague,1988-06-10,USA
202066,Garrett,Temple,1986-05-08,USA
1628462,Milos,Teodosic,1987-03-19,Serbia
1629150,Emanuel,Terry,1996-08-21,USA
1630179,Tyrell,Terry,2000-09-28,USA
1630257,Jon,Teske,1997-05-04,USA
1628464,Daniel,Theis,1992-04-04,Germany
1630560,Cam,Thomas,2001-10-13,Japan
202738,Isaiah,Thomas,1989-02-07,USA
1629744,Matt,Thomas,1994-08-04,USA
203138,Hollis,Thompson,1991-04-03,USA
202691,Klay,Thompson,1990-02-08,USA
202684,Tristan,Thompson,1991-03-13,Canada
1630550,JT,Thor,2002-08-26,USA
1628414,Sindarius,Thornwell,1994-11-15,USA
1629680,Matisse,Thybulle,1997-03-04,USA
1630214,Xavier,Tillman,1999-01-12,USA
1630225,Isaiah,Todd,2001-10-17,USA
201229,Anthony,Tolliver,1985-06-01,USA
1630167,Obi,Toppin,1998-03-04,USA
1629308,Juan,Toscano-Anderson,1993-04-10,USA
1626253,Axel,Toupane,1992-07-23,France
1626157,Karl-Anthony,Towns,1995-11-15,USA
1629019,Allonzo,Trier,1996-01-17,USA
200782,P.J.,Tucker,1985-05-05,USA
1629730,Rayjon,Tucker,1997-09-24,USA
202323,Evan,Turner,1988-10-27,USA
1626167,Myles,Turner,1996-03-24,USA
1627755,Tyler,Ulis,1996-01-05,USA
1627784,Jarrod,Uthoff,1993-05-19,USA
202685,Jonas,Valanciunas,1992-05-06,Lithuania
1627756,Denzel,Valentine,1993-11-16,USA
1629020,Jarred,Vanderbilt,1999-04-03,USA
2760,Anderson,Varejao,1982-09-28,Brazil
1630492,Luca,Vildoza,1995-08-11,Argentina
1629216,Gabe,Vincent,1996-06-14,USA
203943,Noah,Vonleh,1995-08-24,USA
202696,Nikola,Vucevic,1990-10-24,Montenegro
1629731,Dean,Wade,1996-11-20,USA
1630688,Ish,Wainright,1994-09-12,USA
203079,Dion,Waiters,1991-12-10,USA
202689,Kemba,Walker,1990-05-08,USA
1630640,MJ,Walker,1998-03-28,USA
1629022,Lonnie,Walker IV,1998-12-14,USA
202322,John,Wall,1990-09-06,USA
1627820,Tyrone,Wallace,1994-06-10,USA
1628476,Derrick,Walton Jr.,1995-04-03,USA
202954,Brad,Wanamaker,1989-07-25,USA
203933,T.J.,Warren,1993-09-05,USA
1627395,Julian,Washburn,1991-12-18,USA
1630613,Duane,Washington Jr.,2000-03-24,Germany
1629682,Tremont,Waters,1998-01-10,USA
1630322,Lindy,Waters III,1997-07-28,USA
1628778,Paul,Watson,1994-12-30,USA
204037,Travis,Wear,1990-09-21,USA
1627362,Briante,Weber,1992-12-29,USA
1629118,Thomas,Welsh,1996-02-03,USA
1629632,Coby,White,2000-02-16,USA
1628401,Derrick,White,1994-07-02,USA
1627855,Okaro,White,1992-08-13,USA
202355,Hassan,Whiteside,1989-06-13,USA
204222,Greg,Whittington,1993-02-07,USA
1630580,Joe,Wieskamp,1999-08-23,USA
1630598,Aaron,Wiggins,1999-01-02,USA
203952,Andrew,Wiggins,1995-02-23,Canada
1629623,Lindell,Wigginton,1998-03-28,Canada
203912,C.J.,Wilcox,1990-12-30,USA
1626210,Alan,Williams,1993-01-28,USA
1585,Brandon,Williams,1975-02-27,USA
1630314,Brandon,Williams,1999-11-22,USA
1629684,Grant,Williams,1998-11-30,USA
1629140,Johnathan,Williams,1995-05-22,USA
101150,Lou,Williams,1986-10-27,USA
101107,Marvin,Williams,1986-06-19,USA
1630172,Patrick,Williams,2001-08-26,USA
1627786,Troy,Williams,1994-12-30,USA
1630533,Ziaire,Williams,2001-09-12,USA
1629057,Robert,Williams III,1997-10-17,USA
1628430,Nigel,Williams-Goss,1994-09-16,USA
1629627,Zion,Williamson,2000-07-06,USA
1628391,D.J.,Wilson,1996-02-19,USA
1629685,Dylan,Windler,1996-09-22,USA
1626159,Justise,Winslow,1996-03-26,USA
1630216,Cassius,Winston,1998-02-28,USA
1630164,James,Wiseman,2001-03-31,USA
1626174,Christian,Wood,1995-09-27,USA
1630218,Robert,Woodard II,1999-09-22,USA
1629624,Kenny,Wooten,1998-04-17,USA
1626153,Delon,Wright,1992-04-26,USA
1630589,Moses,Wright,1998-12-23,USA
1630593,McKinley,Wright IV,1998-10-25,USA
1629625,Justin,Wright-Foreman,1997-10-27,USA
1627824,Guerschon,Yabusele,1995-12-17,France
1628221,Gabe,York,1993-08-02,USA
201156,Nick,Young,1985-06-01,USA
201152,Thaddeus,Young,1988-06-21,USA
1629027,Trae,Young,1998-09-19,USA
1630209,Omer,Yurtseven,1998-06-19,Turkey
203469,Cody,Zeller,1992-10-05,USA
1627790,Ante,Zizic,1997-01-04,Croatia
1627826,Ivica,Zubac,1997-03-18,Croatia
2738,Andre,Iguodala,1984-01-28,USA
1630228,Jonathan,Kuminga,2002-10-06,Congo
203917,Nik,Stauskas,1993-10-07,Canada
1628436,Luke,Kornet,1995-07-15,USA
1629639,Tyler,Herro,2000-01-20,USA
1627827,Dorian,Finney-Smith,1993-05-04,USA
203939,Dwight,Powell,1991-07-20,Canada
201572,Brook,Lopez,1988-04-01,USA
201586,Serge,Ibaka,1989-09-18,Republic of the Congo
201580,JaVale,McGee,1988-01-19,USA
1630178,Tyrese,Maxey,2000-11-04,USA
1630194,Paul,Reed,1999-06-14,USA
1630198,Isaiah,Joe,1998-07-02,USA
1630183,Jaden,McDaniels,2000-09-29,USA
1627752,Taurean,Prince,1994-03-22,USA
1629018,Gary,Trent,1999-01-18,USA
1629139,Yuta,Watanabe,1994-10-13,Japan
1630201,Malachi,Flynn,1998-05-10,USA
203468,CJ,McCollum,1991-09-19,USA
1627823,Juancho,Hernangomez,1995-09-28,Spain
1628989,Kevin,Huerter,1998-08-27,USA
203992,Bogdan,Bogdanovic,1992-08-18,Serbia
201988,Patty,Mills,1988-08-11,Australia
1630556,Kessler,Edwards,2001-08-19,USA
1630549,Day'Ron,Sharpe,2001-10-06,USA
1627832,Fred,VanVleet,1994-02-25,USA
202334,Ed,Davis,1989-06-05,USA
202694,Marcus,Morris,1989-09-02,USA
1629599,Amir,Coffey,1997-06-17,USA
1629023,P.J.,Washington,1998-08-23,USA
1630547,James,Bouknight,2000-09-18,USA
1630170,Devin,Vassell,2000-08-23,USA
1629640,Keldon,Johnson,1999-10-11,USA
1628966,Keita,Bates-Diop,1996-01-23,USA
202331,Paul,George,1990-05-02,USA
202362,Lance,Stephenson,1990-09-05,USA
1627763,Malcolm,Brogdon,1992-12-11,USA
1630166,Deni,Avdija,2001-01-03,Israel
202397,Ish,Smith,1988-07-05,USA
1628021,David,Nwaba,1993-01-14,USA
1630271,Brodric,Thomas,1997-06-05,USA
1630346,Matt,Ryan,1996-09-21,USA
1628539,Mychal,Mulder,1994-06-12,Canada
1629643,Chuma,Okeke,1998-08-18,USA
1629021,Moritz,Wagner,1997-04-26,Germany
1628964,Mo,Bamba,1998-05-12,USA
1630568,Luka,Garza,1998-12-27,USA
1629076,Tyler,Cook,1997-09-23,USA
1630233,Nathan,Knight,1997-09-20,USA
1626169,Stanley,Johnson,1996-05-29,USA
1630644,Mac,McClung,1999-01-06,USA
1630285,Zavier,Simpson,1997-01-11,USA
1629683,Quinndary,Weatherspoon,1996-09-10,USA
1629109,Gary,Clark,1994-11-16,USA
1626168,Trey,Lyles,1995-11-05,Canada
203090,Maurice,Harkless,1993-05-11,USA
1630994,Gabriel,Lundberg,1994-06-14,Sweden
1630190,Elijah,Hughes,1998-03-08,USA
1628404,Josh,Hart,1995-03-06,USA
203924,Jerami,Grant,1994-03-12,USA
1630532,Franz,Wagner,2001-08-27,Germany
1629026,Kenrich,Williams,1994-12-02,USA
201566,Russell,Westbrook,1988-11-12,USA
203944,Julius,Randle,1994-11-29,USA
1630570,Trendon,Watford,2000-11-09,USA
1629657,Kyle,Guy,1997-08-11,USA
1629681,Killian,Tillie,1998-03-05,France
1628993,Alize,Johnson,1996-04-22,USA
1628382,Justin,Jackson,1995-03-28,Canada
1629735,Chris,Silva,1996-09-19,Gabon
1630206,Jay,Scrubb,2000-09-01,USA
1630207,Nate,Hinton,1999-06-08,USA
1627822,Petr,Cornelie,1995-07-26,France
1630602,Chaundee,Brown,1998-07-26,USA
202329,Al-Farouq,Aminu,1990-09-21,USA
1629689,Aric,Holman,1996-10-22,USA
1629460,Justin,Tillman,1995-07-07,USA
201937,Ricky,Rubio,1990-10-21,Spain
1630286,Trevon,Scott,1997-09-26,USA
1630707,Malik,Ellison,1997-12-06,USA
1629168,BJ,Johnson,1996-12-21,USA
1630605,JaQuori,McLaughlin,1997-09-01,USA
201565,Derrick,Rose,1988-10-04,USA
1630184,Kira,Lewis,2001-04-06,USA
1629012,Collin,Sexton,1999-01-04,USA
1629008,Michael,Porter,1998-06-29,USA
1629756,Daulton,Hommes,1996-06-29,USA
1630696,Dru,Smith,1998-09-15,USA
1630642,Mitch,Ballock,1997-09-20,USA
1630675,Devontae,Shuler,1997-09-20,USA
1630603,Aamir,Simms,1998-09-24,USA
1630562,Matt,Hurt,1999-04-20,USA
1630835,L.J.,Figueroa,1997-06-19,USA
1629148,Johnny,Hamilton,1994-10-31,USA
1630801,Ibi,Watson-Boye,1997-11-19,USA
1630665,Matt,Lewis,1998-09-08,USA
1630793,Giorgi,Bezhanishvili,1998-11-30,Georgia
1626184,Chasson,Randle,1993-02-05,USA
1630651,Romeo,Weems,2001-07-04,USA
1630617,MaCio,Teague,1997-06-11,USA
1630247,Derrick,Alston,1998-10-30,USA
1630275,Jordan,Bowden,1997-06-24,USA
1630672,Brandon,Rachal,1998-09-15,USA
1630791,James,Banks,1997-08-20,USA
1630645,Matt,Coleman,1998-11-19,USA
1630569,DJ,Steward,2002-11-30,USA
1630777,Jeremiah,Tilmon,1998-09-28,USA
1630679,Ethan,Thompson,1998-06-15,USA
1629662,Mfiondu,Kabengele,1997-08-14,Canada
203948,Johnny,O'Bryant,1993-06-01,USA
1630618,D.J.,Carton,2000-09-19,USA
1629017,Khyri,Thomas,1996-05-08,USA
1626178,Rondae,Hollis-Jefferson,1995-01-03,USA
201188,Marc,Gasol,1985-01-29,Spain
1629244,Cameron,Reynolds,1995-02-07,USA
200755,JJ,Redick,1984-06-24,USA
1629606,Robert,Franks,1997-12-18,USA
1629010,Jerome,Robinson,1997-02-22,USA
1628412,Frank,Mason,1994-04-03,USA
1630232,Kahlil,Whitney,2000-01-08,USA
1630269,Keandre,Cook,1997-09-16,USA
1629594,Bennie,Boatwright,1996-05-09,USA
1630262,Rayshaun,Hammonds,1998-07-14,USA
1626260,Levi,Randolph,1992-10-03,USA
1629666,Charles,Matthews,1996-11-08,USA
1629596,Bryce,Brown,1996-07-24,USA
1630220,Paul,Eboua,2000-12-27,Cameroon
1628518,Amile,Jefferson,1993-05-07,USA
1628974,Tony,Carr,1997-10-11,USA
1629679,Simisola,Shittu,1999-11-07,Canada
1629668,Zach,Norvell,1997-12-09,USA
1630213,Yoeli,Childs,1997-06-13,USA
1630260,Marlon,Taylor,1996-06-08,USA
203092,Tyler,Zeller,1990-01-17,USA
1629700,Kaleb,Wesson,1998-07-18,USA
1630263,Dwayne,Sutton,1996-02-08,USA
1630265,Romaro,Gill,1994-12-19,Jamaica
1630255,Jake,Toolson,1996-08-27,USA
1626170,Jerian,Grant,1992-10-09,USA
1630254,Breein,Tyree,1997-09-28,USA
1630272,E.J.,Montgomery,1999-09-10,USA
1630261,Jahlil,Tripp,1997-09-18,USA
1630259,Jordan,Ford,1997-05-11,USA
1629741,Marko,Guduric,1995-03-08,Serbia
1626187,Michael,Frazier,1994-03-08,USA
2594,Kyle,Korver,1981-03-17,USA
1629729,Josh,Reaves,1997-06-04,USA
1628499,Antonius,Cleveland,1994-02-02,USA
202498,Lance,Thomas,1988-04-24,USA
1628985,Devon,Hall,1995-07-07,USA
201158,Marco,Belinelli,1986-03-25,Italy
203894,Shabazz,Napier,1991-07-14,USA
1713,Vince,Carter,1977-01-26,USA
200757,Thabo,Sefolosha,1984-05-02,Switzerland
1626218,Sir'Dominic,Pointer,1992-05-06,USA
202951,Jeremy,Pargo,1986-03-17,USA
1629745,Tariq,Owens,1995-06-30,USA
1628450,Eric,Mika,1995-01-05,USA
203705,Josh,Magette,1989-11-28,USA
1629746,Christ,Koumadje,1996-07-07,Chad
1627776,Isaiah,Miles,1994-06-13,USA
1627819,Isaiah,Taylor,1994-07-11,USA
1629747,CJ,Massinburg,1996-11-14,USA
203710,C.J.,Williams,1990-02-06,USA
1629070,Matur,Maker,1998-02-10,Australia
2403,Nene,,1982-09-13,Brazil
1629967,Skyler,Flatten,1995-07-12,USA
204215,Bubu,Palo,1991-09-06,USA
1629824,Jalen,Adams,1995-12-11,USA
1629715,Javon,Bess,1996-07-11,USA
1628448,Kavell,Bigby-Williams,1995-10-09,England
1629722,V.J.,King,1996-01-22,USA
1629777,Lamar,Peters,1997-08-19,USA
1628397,Ivan,Rabb,1997-02-04,USA
1629305,Marcus,Allen,1994-09-14,USA
1629800,Kavion,Pippen,1996-10-23,USA
1629806,B.J.,Taylor,1996-12-12,USA
1628769,Tahjere,McCall,1994-08-17,USA
1629779,Justin,Simon,1996-05-13,USA
1628967,Tyus,Battle,1997-09-23,USA
1629956,Barry,Brown,1996-12-21,USA
1629860,Jon,Davis,1996-09-03,USA
1629270,Todd,Withers,1996-04-20,USA
1628424,Kobi,Simmons,1997-07-04,USA
1629759,Ahmed,Hill,1996-05-24,USA
203583,Abdul,Gaddy,1992-01-26,USA
1629232,Kaiser,Gates,1996-05-30,USA
1629826,Norense,Odiase,1996-11-14,USA
1629749,David,Kramer,1996-09-17,USA
1629664,Dedric,Lawson,1997-10-01,USA
1629825,Perrion,Callandret,1994-09-08,USA
1628996,Sagaba,Konate,1996-03-20,Mali
1629612,Luke,Maye,1997-03-07,USA
1629595,Phil,Booth,1995-05-03,USA
1629786,John,Egbunu,1994-11-09,USA
1629616,Josh,Perkins,1996-08-25,USA
1629609,Amir,Hinton,1996-11-07,USA
1629819,Yudai,Baba,1995-01-12,Japan
1629753,Isaiah,Pineiro,1995-09-20,USA
1629818,Jordan,Murphy,1996-02-14,USA
1629615,James,Palmer,1996-09-03,USA
1629097,Terry,Larrier,1995-10-15,USA
1629721,JaKeenan,Gant,1996-10-06,USA
201973,Jonas,Jerebko,1987-03-02,Sweden
202702,Kenneth,Faried,1989-11-19,USA
202347,Quincy,Pondexter,1988-03-10,USA
202327,Ekpe,Udoh,1987-05-20,USA
1627738,Deyonta,Davis,1996-12-02,USA
2548,Dwyane,Wade,1982-01-17,USA
1628393,Jawun,Evans,1996-07-26,USA
1626257,Salah,Mejri,1986-06-15,Tunisia
1629123,Jared,Terrell,1995-02-10,USA
201573,Jerryd,Bayless,1988-08-20,USA
201585,Kosta,Koufos,1989-02-24,USA
1628610,Cody,Demps,1994-10-07,USA
204076,Richard,Solomon,1992-06-18,USA
201563,Michael,Beasley,1989-01-09,USA
1629037,Keenan,Evans,1996-08-30,USA
1627753,Zhou,Qi,1996-01-16,China
204066,John,Holland,1988-11-06,USA
1629009,Billy,Preston,1997-10-26,USA
1629050,Jeffrey,Carroll,1994-03-22,USA
1629285,Angel,Rodriguez,1992-11-01,Puerto Rico
1629260,Tim,Bond,1995-09-08,USA
1629156,Markel,Crawford,1994-09-29,USA
1629078,Doral,Moore,1996-11-22,USA
1629236,Jonathan,Stark,1995-01-21,USA
1629146,Zach,Smith,1995-11-07,USA
1629142,Yanyuhang,Ding,1993-08-20,China
1629132,Braian,Angola-Rodas,1994-11-15,Colombia
1629190,C.J.,Anderson,1996-02-23,USA
204192,Raphiael,Putney,1990-05-21,USA
1628681,Rodney,Purvis,1994-02-14,USA
1629352,Jeffrey,Coby,1994-09-11,USA
1629131,Jairus,Lyles,1995-12-19,USA
1627766,Isaiah,Cousins,1994-03-13,USA
1629036,Isaac,Haas,1995-10-02,USA
203629,Garlon,Green,1990-09-20,USA
1629000,Brandon,McCoy,1998-11-11,USA
1629136,Elijah,Stewart,1996-11-14,USA
1629245,Nuni,Omot,1994-07-24,USA
1629186,Tiwian,Kendley,1995-01-31,USA
1629184,Desi,Rodriguez,1996-04-11,USA
203498,Shabazz,Muhammad,1992-11-13,USA
1628576,Bryce,Alford,1995-01-18,USA
1629149,Codi,Miller-McIntyre,1994-11-08,USA
1628965,Jaylen,Barford,1996-01-23,USA
1629145,Isaiah,Wilkins,1995-09-11,USA
1629154,Rob,Gray,1994-10-09,USA
1629226,Ismaila,Kane,1998-01-01,Senegal
1629137,Joel,Berry,1995-04-01,USA
1629166,Jeff,Roberson,1996-06-26,USA
1629165,Nick,King,1995-02-08,USA
1629246,Tyrius,Walker,1996-09-07,USA
1629159,Marcus,Lee,1994-09-14,USA
1629163,Trey,Lewis,1992-11-21,USA
1629167,Justin,Bibbs,1995-08-13,USA
222,Issuf,Sanon,1999-10-30,Ukraine
125,Jaylen,Hands,1999-02-12,USA
126,Vanja,Marinkovic,1997-06-09,Serbia
1000,Xavier,Tillman Sr.,1999-01-12,USA
10001,Yam,Madar,2000-12-23,Israel
10002,Justinian,Jessup,1998-05-23,Australia
20000,Rokas,Jokubaitis,2000-11-19,Lithuania
30000,Juhann,Begarin,2002-07-27,France
12345,Marcus,Zegarowski,1998-08-03,USA
67890,Filip,Petrušev,2000-04-15,Serbia
99,Balša,Koprivica,2001-05-01,Montenegro
200,RaiQuan,Gray,1997-06-21,USA
